,Extraction,Energy,Manufacturing,Construction,Agriculture
Extraction,0.057789,0.1214,0.026759,0.006771,0.002041
Energy,0.027638,0.228126,0.013303,0.002198,0.015797
Manufacturing,0.213568,0.073537,0.397999,0.23356,0.190078
Construction,0.021776,0.032285,0.005192,0.076935,0.016779
Agriculture,0.004188,6.6e-05,0.025461,0.0,0.067526
