,Extraction,Energy,Manufacturing,Construction,Agriculture
Extraction,0.000789,0.001724,0.001394,0.000645,0.00096
Energy,0.0,0.0,0.0,0.0,0.0
Manufacturing,2.401697,5.251728,4.244756,1.964026,2.922885
Construction,2.099721,4.591404,3.711044,1.71708,2.555378
Agriculture,0.004093,0.008951,0.007234,0.003347,0.004982
