,delta,nu,kappa,eta,alpha,p_inn,mu
Extraction,0.06,3.069775,0.12515,0.01,0.3,0.158283,0.026669
Energy,0.04,62892.015702,0.05,0.01,0.3,0.183333,0.02406
Manufacturing,0.055,0.242426,0.45,0.012197,0.3,0.05,0.022287
Construction,0.065,0.056537,0.45,0.015,0.51271,0.05,0.027355
Agriculture,0.05,4.596198,0.05,0.01,0.3,0.183333,0.026096
